{"theme_color":"#03d4d4","background_color":"#03d4d4","display":"standalone","scope":"/","start_url":"/","name":"Schola Teacher","short_name":"Schola Teacher","description":"An application for teachers of any school and college to communicate with the parent, teacher to inform their student's academic details and updates which include:  * Student Profile * News and Events * Homework","icons":[{"src":"/icon-192x192.png","sizes":"192x192","type":"image/png"},{"src":"/icon-256x256.png","sizes":"256x256","type":"image/png"},{"src":"/icon-384x384.png","sizes":"384x384","type":"image/png"},{"src":"/icon-512x512.png","sizes":"512x512","type":"image/png"}]}